gene,mutation,architecture,evidence_tier,n_evidence_items,therapy_f1_live_trace
EGFR,L858R,blackboard,T1_civic_only,1,0.4
EGFR,L858R,blackboard,T2_civic_pubmed,3,0.4
EGFR,L858R,blackboard,T3_full,1,0.4
EGFR,L858R,cot,T1_civic_only,1,0.0
EGFR,L858R,cot,T2_civic_pubmed,3,0.0
EGFR,L858R,cot,T3_full,1,0.0
EGFR,L858R,single,T1_civic_only,1,1.0
EGFR,L858R,single,T2_civic_pubmed,3,1.0
EGFR,L858R,single,T3_full,1,1.0
EGFR,T790M,blackboard,T1_civic_only,2,0.4
EGFR,T790M,blackboard,T2_civic_pubmed,4,0.4
EGFR,T790M,blackboard,T3_full,2,0.4
EGFR,T790M,cot,T1_civic_only,2,1.0
EGFR,T790M,cot,T2_civic_pubmed,4,1.0
EGFR,T790M,cot,T3_full,2,1.0
EGFR,T790M,single,T1_civic_only,2,0.3333333333333333
EGFR,T790M,single,T2_civic_pubmed,4,0.3333333333333333
EGFR,T790M,single,T3_full,2,0.3333333333333333
PIK3CA,E545K,blackboard,T1_civic_only,2,0.0
PIK3CA,E545K,blackboard,T2_civic_pubmed,3,0.0
PIK3CA,E545K,blackboard,T3_full,2,0.0
PIK3CA,E545K,cot,T1_civic_only,2,0.0
PIK3CA,E545K,cot,T2_civic_pubmed,3,0.0
PIK3CA,E545K,cot,T3_full,2,0.0
PIK3CA,E545K,debate,T1_civic_only,2,0.0
PIK3CA,E545K,debate,T2_civic_pubmed,3,0.0
PIK3CA,E545K,debate,T3_full,2,0.0
PIK3CA,E545K,single,T1_civic_only,2,1.0
PIK3CA,E545K,single,T2_civic_pubmed,3,1.0
PIK3CA,E545K,single,T3_full,2,1.0
TP53,R175H,blackboard,T1_civic_only,0,1.0
TP53,R175H,blackboard,T2_civic_pubmed,2,1.0
TP53,R175H,blackboard,T3_full,1,1.0
TP53,R175H,cot,T1_civic_only,0,1.0
TP53,R175H,cot,T2_civic_pubmed,2,1.0
TP53,R175H,cot,T3_full,1,1.0
TP53,R175H,single,T1_civic_only,0,0.0
TP53,R175H,single,T2_civic_pubmed,2,0.0
TP53,R175H,single,T3_full,1,0.0
