run_id,case_id,protein_id,variant,task_type,model_family,model_version,llm_model,prompt_mode,structure_source,chain_id,n_residues,mean_plddt,min_plddt,target_residue_plddt,ptm,iptm,pae_mean,qa_external_score,rmsd_to_exp,tm_score_to_exp,lddt_to_exp,good_structure_label,ddg_pred,llm_confidence_raw,llm_confidence_norm,llm_confidence_scope,llm_explanation,accepted_by_threshold,calibration_bin,split,notes,architecture,locally_confident_site,gene
20260617T121021Z,EGFR_L858R_nsclc,P00533,L858R,confidence_only,AlphaFold,AF2_v6,Qwen/Qwen2.5-VL-7B-Instruct,blackboard,predicted,A,,75.9,,51.2,,,,,,,,1,,0.9,0.9,mechanism,L858R sensitizes NSCLC to EGFR-TKIs.,1,0.9-1.0,benchmark,proxy good_structure (no exp ref),blackboard,0,EGFR
20260617T121021Z,EGFR_L858R_nsclc,P00533,L858R,confidence_only,AlphaFold,AF2_v6,Qwen/Qwen2.5-VL-7B-Instruct,cot,predicted,A,,75.9,,51.2,,,,,,,,1,,,0.0,mechanism,,0,NA,benchmark,proxy good_structure (no exp ref),cot,0,EGFR
20260617T121021Z,EGFR_L858R_nsclc,P00533,L858R,confidence_only,AlphaFold,AF2_v6,Qwen/Qwen2.5-VL-7B-Instruct,single,predicted,A,,75.9,,51.2,,,,,,,,1,,0.9,0.9,mechanism,L858R activates EGFR kinase.,1,0.9-1.0,benchmark,proxy good_structure (no exp ref),single,0,EGFR
20260617T121021Z,EGFR_T790M_nsclc,P00533,T790M,confidence_only,AlphaFold,AF2_v6,Qwen/Qwen2.5-VL-7B-Instruct,blackboard,predicted,A,,75.9,,88.4,,,,,,,,1,,0.9,0.9,mechanism,T790M stabilizes EGFR kinase domain.,1,0.9-1.0,benchmark,proxy good_structure (no exp ref),blackboard,1,EGFR
20260617T121021Z,EGFR_T790M_nsclc,P00533,T790M,confidence_only,AlphaFold,AF2_v6,Qwen/Qwen2.5-VL-7B-Instruct,cot,predicted,A,,75.9,,88.4,,,,,,,,1,,0.9,0.9,mechanism,T790M stabilizes ATP-binding pocket.,1,0.9-1.0,benchmark,proxy good_structure (no exp ref),cot,1,EGFR
20260617T121021Z,EGFR_T790M_nsclc,P00533,T790M,confidence_only,AlphaFold,AF2_v6,Qwen/Qwen2.5-VL-7B-Instruct,single,predicted,A,,75.9,,88.4,,,,,,,,1,,0.9,0.9,mechanism,T790M gatekeeper mutation.,1,0.9-1.0,benchmark,proxy good_structure (no exp ref),single,1,EGFR
20260617T121021Z,PIK3CA_E545K_nsclc,P42336,E545K,confidence_only,AlphaFold,AF2_v6,Qwen/Qwen2.5-VL-7B-Instruct,blackboard,predicted,A,,92.4,,94.1,,,,,,,,1,,0.7,0.7,mechanism,"E545K stabilizes PI3K-α, increasing AKT phosphorylation.",0,0.7-0.8,benchmark,proxy good_structure (no exp ref),blackboard,1,PIK3CA
20260617T121021Z,PIK3CA_E545K_nsclc,P42336,E545K,confidence_only,AlphaFold,AF2_v6,Qwen/Qwen2.5-VL-7B-Instruct,cot,predicted,A,,92.4,,94.1,,,,,,,,1,,,0.0,mechanism,,0,NA,benchmark,proxy good_structure (no exp ref),cot,1,PIK3CA
20260617T121021Z,PIK3CA_E545K_nsclc,P42336,E545K,confidence_only,AlphaFold,AF2_v6,Qwen/Qwen2.5-7B-Instruct,debate,predicted,A,,92.4,,94.1,,,,,,,,1,,,0.0,mechanism,,0,NA,benchmark,proxy good_structure (no exp ref),debate,1,PIK3CA
20260617T121021Z,PIK3CA_E545K_nsclc,P42336,E545K,confidence_only,AlphaFold,AF2_v6,Qwen/Qwen2.5-VL-7B-Instruct,single,predicted,A,,92.4,,94.1,,,,,,,,1,,0.9,0.9,mechanism,E545K activates PI3K.,1,0.9-1.0,benchmark,proxy good_structure (no exp ref),single,1,PIK3CA
20260617T121021Z,TP53_R175H_rescue,P04637,R175H,confidence_only,AlphaFold,AF2_v6,Qwen/Qwen2.5-VL-7B-Instruct,blackboard,predicted,A,,75.1,,96.6,,,,,,,,1,,0.6,0.6,mechanism,R175H disrupts TP53 DNA binding.,0,0.6-0.7,benchmark,proxy good_structure (no exp ref),blackboard,1,TP53
20260617T121021Z,TP53_R175H_rescue,P04637,R175H,mutant_fold,ESMFold+Boltz,esmfold_v1,Qwen/Qwen2.5-VL-7B-Instruct,blackboard,predicted,A,1114,75.1,19.08,96.6,0.17578473687171936,,,,,,,1,0.1826171875,0.6,0.6,rescue_success,R175H disrupts TP53 DNA binding.,0,0.6-0.7,benchmark,TP53 rescue fold QA,blackboard,1,TP53
20260617T121021Z,TP53_R175H_rescue01,P04637,rescued_seq_01,rescue_design,ESMFold+Boltz,esmfold_v1,Qwen/Qwen2.5-VL-7B-Instruct,blackboard,rescue_candidate,A,1114,75.1,19.08,96.6,0.17578473687171936,,,,,,,1,0.1826171875,0.6,0.6,rescue_success,R175H disrupts TP53 DNA binding.,0,0.6-0.7,benchmark,,blackboard,1,TP53
20260617T121021Z,TP53_R175H_rescue02,P04637,rescued_seq_02,rescue_design,ESMFold+Boltz,esmfold_v1,Qwen/Qwen2.5-VL-7B-Instruct,blackboard,rescue_candidate,A,1114,75.1,19.08,96.6,0.17578473687171936,,,,,,,1,0.1826171875,0.6,0.6,rescue_success,R175H disrupts TP53 DNA binding.,0,0.6-0.7,benchmark,,blackboard,1,TP53
20260617T121021Z,TP53_R175H_rescue03,P04637,rescued_seq_03,rescue_design,ESMFold+Boltz,esmfold_v1,Qwen/Qwen2.5-VL-7B-Instruct,blackboard,rescue_candidate,A,1114,75.1,19.08,96.6,0.17578473687171936,,,,,,,1,0.1826171875,0.6,0.6,rescue_success,R175H disrupts TP53 DNA binding.,0,0.6-0.7,benchmark,,blackboard,1,TP53
20260617T121021Z,TP53_R175H_rescue04,P04637,rescued_seq_04,rescue_design,ESMFold+Boltz,esmfold_v1,Qwen/Qwen2.5-VL-7B-Instruct,blackboard,rescue_candidate,A,1114,75.1,19.08,96.6,0.17578473687171936,,,,,,,1,0.1826171875,0.6,0.6,rescue_success,R175H disrupts TP53 DNA binding.,0,0.6-0.7,benchmark,,blackboard,1,TP53
20260617T121021Z,TP53_R175H_rescue05,P04637,rescued_seq_05,rescue_design,ESMFold+Boltz,esmfold_v1,Qwen/Qwen2.5-VL-7B-Instruct,blackboard,rescue_candidate,A,1114,75.1,19.08,96.6,0.17578473687171936,,,,,,,1,0.1826171875,0.6,0.6,rescue_success,R175H disrupts TP53 DNA binding.,0,0.6-0.7,benchmark,,blackboard,1,TP53
20260617T121021Z,TP53_R175H_rescue06,P04637,rescued_seq_06,rescue_design,ESMFold+Boltz,esmfold_v1,Qwen/Qwen2.5-VL-7B-Instruct,blackboard,rescue_candidate,A,1114,75.1,19.08,96.6,0.17578473687171936,,,,,,,1,0.1826171875,0.6,0.6,rescue_success,R175H disrupts TP53 DNA binding.,0,0.6-0.7,benchmark,,blackboard,1,TP53
20260617T121021Z,TP53_R175H_rescue07,P04637,rescued_seq_07,rescue_design,ESMFold+Boltz,esmfold_v1,Qwen/Qwen2.5-VL-7B-Instruct,blackboard,rescue_candidate,A,1114,75.1,19.08,96.6,0.17578473687171936,,,,,,,1,0.1826171875,0.6,0.6,rescue_success,R175H disrupts TP53 DNA binding.,0,0.6-0.7,benchmark,,blackboard,1,TP53
20260617T121021Z,TP53_R175H_rescue08,P04637,rescued_seq_08,rescue_design,ESMFold+Boltz,esmfold_v1,Qwen/Qwen2.5-VL-7B-Instruct,blackboard,rescue_candidate,A,1114,75.1,19.08,96.6,0.17578473687171936,,,,,,,1,0.1826171875,0.6,0.6,rescue_success,R175H disrupts TP53 DNA binding.,0,0.6-0.7,benchmark,,blackboard,1,TP53
20260617T121021Z,TP53_R175H_rescue,P04637,R175H,confidence_only,AlphaFold,AF2_v6,Qwen/Qwen2.5-VL-7B-Instruct,cot,predicted,A,,75.1,,96.6,,,,,,,,1,,,0.0,mechanism,,0,NA,benchmark,proxy good_structure (no exp ref),cot,1,TP53
20260617T121021Z,TP53_R175H_rescue,P04637,R175H,mutant_fold,ESMFold+Boltz,esmfold_v1,Qwen/Qwen2.5-VL-7B-Instruct,cot,predicted,A,1114,75.1,19.08,96.6,0.17578473687171936,,,,,,,1,0.1826171875,,0.0,rescue_success,,0,NA,benchmark,TP53 rescue fold QA,cot,1,TP53
20260617T121021Z,TP53_R175H_rescue01,P04637,rescued_seq_01,rescue_design,ESMFold+Boltz,esmfold_v1,Qwen/Qwen2.5-VL-7B-Instruct,cot,rescue_candidate,A,1114,75.1,19.08,96.6,0.17578473687171936,,,,,,,1,0.1826171875,,0.0,rescue_success,,0,NA,benchmark,,cot,1,TP53
20260617T121021Z,TP53_R175H_rescue02,P04637,rescued_seq_02,rescue_design,ESMFold+Boltz,esmfold_v1,Qwen/Qwen2.5-VL-7B-Instruct,cot,rescue_candidate,A,1114,75.1,19.08,96.6,0.17578473687171936,,,,,,,1,0.1826171875,,0.0,rescue_success,,0,NA,benchmark,,cot,1,TP53
20260617T121021Z,TP53_R175H_rescue03,P04637,rescued_seq_03,rescue_design,ESMFold+Boltz,esmfold_v1,Qwen/Qwen2.5-VL-7B-Instruct,cot,rescue_candidate,A,1114,75.1,19.08,96.6,0.17578473687171936,,,,,,,1,0.1826171875,,0.0,rescue_success,,0,NA,benchmark,,cot,1,TP53
20260617T121021Z,TP53_R175H_rescue04,P04637,rescued_seq_04,rescue_design,ESMFold+Boltz,esmfold_v1,Qwen/Qwen2.5-VL-7B-Instruct,cot,rescue_candidate,A,1114,75.1,19.08,96.6,0.17578473687171936,,,,,,,1,0.1826171875,,0.0,rescue_success,,0,NA,benchmark,,cot,1,TP53
20260617T121021Z,TP53_R175H_rescue05,P04637,rescued_seq_05,rescue_design,ESMFold+Boltz,esmfold_v1,Qwen/Qwen2.5-VL-7B-Instruct,cot,rescue_candidate,A,1114,75.1,19.08,96.6,0.17578473687171936,,,,,,,1,0.1826171875,,0.0,rescue_success,,0,NA,benchmark,,cot,1,TP53
20260617T121021Z,TP53_R175H_rescue06,P04637,rescued_seq_06,rescue_design,ESMFold+Boltz,esmfold_v1,Qwen/Qwen2.5-VL-7B-Instruct,cot,rescue_candidate,A,1114,75.1,19.08,96.6,0.17578473687171936,,,,,,,1,0.1826171875,,0.0,rescue_success,,0,NA,benchmark,,cot,1,TP53
20260617T121021Z,TP53_R175H_rescue07,P04637,rescued_seq_07,rescue_design,ESMFold+Boltz,esmfold_v1,Qwen/Qwen2.5-VL-7B-Instruct,cot,rescue_candidate,A,1114,75.1,19.08,96.6,0.17578473687171936,,,,,,,1,0.1826171875,,0.0,rescue_success,,0,NA,benchmark,,cot,1,TP53
20260617T121021Z,TP53_R175H_rescue08,P04637,rescued_seq_08,rescue_design,ESMFold+Boltz,esmfold_v1,Qwen/Qwen2.5-VL-7B-Instruct,cot,rescue_candidate,A,1114,75.1,19.08,96.6,0.17578473687171936,,,,,,,1,0.1826171875,,0.0,rescue_success,,0,NA,benchmark,,cot,1,TP53
20260617T121021Z,TP53_R175H_rescue,P04637,R175H,confidence_only,AlphaFold,AF2_v6,Qwen/Qwen2.5-VL-7B-Instruct,single,predicted,A,,75.1,,96.6,,,,,,,,1,,0.9,0.9,mechanism,R175H disrupts DNA binding and tumor suppression.,1,0.9-1.0,benchmark,proxy good_structure (no exp ref),single,1,TP53
20260617T121021Z,TP53_R175H_rescue,P04637,R175H,mutant_fold,ESMFold+Boltz,esmfold_v1,Qwen/Qwen2.5-VL-7B-Instruct,single,predicted,A,1114,75.1,19.08,96.6,0.17578473687171936,,,,,,,1,0.1826171875,0.9,0.9,rescue_success,R175H disrupts DNA binding and tumor suppression.,1,0.9-1.0,benchmark,TP53 rescue fold QA,single,1,TP53
20260617T121021Z,TP53_R175H_rescue01,P04637,rescued_seq_01,rescue_design,ESMFold+Boltz,esmfold_v1,Qwen/Qwen2.5-VL-7B-Instruct,single,rescue_candidate,A,1114,75.1,19.08,96.6,0.17578473687171936,,,,,,,1,0.1826171875,0.9,0.9,rescue_success,R175H disrupts DNA binding and tumor suppression.,1,0.9-1.0,benchmark,,single,1,TP53
20260617T121021Z,TP53_R175H_rescue02,P04637,rescued_seq_02,rescue_design,ESMFold+Boltz,esmfold_v1,Qwen/Qwen2.5-VL-7B-Instruct,single,rescue_candidate,A,1114,75.1,19.08,96.6,0.17578473687171936,,,,,,,1,0.1826171875,0.9,0.9,rescue_success,R175H disrupts DNA binding and tumor suppression.,1,0.9-1.0,benchmark,,single,1,TP53
20260617T121021Z,TP53_R175H_rescue03,P04637,rescued_seq_03,rescue_design,ESMFold+Boltz,esmfold_v1,Qwen/Qwen2.5-VL-7B-Instruct,single,rescue_candidate,A,1114,75.1,19.08,96.6,0.17578473687171936,,,,,,,1,0.1826171875,0.9,0.9,rescue_success,R175H disrupts DNA binding and tumor suppression.,1,0.9-1.0,benchmark,,single,1,TP53
20260617T121021Z,TP53_R175H_rescue04,P04637,rescued_seq_04,rescue_design,ESMFold+Boltz,esmfold_v1,Qwen/Qwen2.5-VL-7B-Instruct,single,rescue_candidate,A,1114,75.1,19.08,96.6,0.17578473687171936,,,,,,,1,0.1826171875,0.9,0.9,rescue_success,R175H disrupts DNA binding and tumor suppression.,1,0.9-1.0,benchmark,,single,1,TP53
20260617T121021Z,TP53_R175H_rescue05,P04637,rescued_seq_05,rescue_design,ESMFold+Boltz,esmfold_v1,Qwen/Qwen2.5-VL-7B-Instruct,single,rescue_candidate,A,1114,75.1,19.08,96.6,0.17578473687171936,,,,,,,1,0.1826171875,0.9,0.9,rescue_success,R175H disrupts DNA binding and tumor suppression.,1,0.9-1.0,benchmark,,single,1,TP53
20260617T121021Z,TP53_R175H_rescue06,P04637,rescued_seq_06,rescue_design,ESMFold+Boltz,esmfold_v1,Qwen/Qwen2.5-VL-7B-Instruct,single,rescue_candidate,A,1114,75.1,19.08,96.6,0.17578473687171936,,,,,,,1,0.1826171875,0.9,0.9,rescue_success,R175H disrupts DNA binding and tumor suppression.,1,0.9-1.0,benchmark,,single,1,TP53
20260617T121021Z,TP53_R175H_rescue07,P04637,rescued_seq_07,rescue_design,ESMFold+Boltz,esmfold_v1,Qwen/Qwen2.5-VL-7B-Instruct,single,rescue_candidate,A,1114,75.1,19.08,96.6,0.17578473687171936,,,,,,,1,0.1826171875,0.9,0.9,rescue_success,R175H disrupts DNA binding and tumor suppression.,1,0.9-1.0,benchmark,,single,1,TP53
20260617T121021Z,TP53_R175H_rescue08,P04637,rescued_seq_08,rescue_design,ESMFold+Boltz,esmfold_v1,Qwen/Qwen2.5-VL-7B-Instruct,single,rescue_candidate,A,1114,75.1,19.08,96.6,0.17578473687171936,,,,,,,1,0.1826171875,0.9,0.9,rescue_success,R175H disrupts DNA binding and tumor suppression.,1,0.9-1.0,benchmark,,single,1,TP53
